<?xml version="1.0"?>
<doc>
    <assembly>
        <name>BallroomManager.Api</name>
    </assembly>
    <members>
        <member name="T:BallroomManager.Api.Controllers.BallroomsController">
            <summary>
            Controller for managing ballrooms
            </summary>
        </member>
        <member name="M:BallroomManager.Api.Controllers.BallroomsController.GetBallrooms">
            <summary>
            Gets all ballrooms
            </summary>
            <returns>A list of all ballrooms</returns>
        </member>
        <member name="M:BallroomManager.Api.Controllers.BallroomsController.GetBallroom(System.Int32)">
            <summary>
            Gets a specific ballroom by id
            </summary>
            <param name="id">The ID of the ballroom to retrieve</param>
            <returns>The requested ballroom</returns>
        </member>
        <member name="M:BallroomManager.Api.Controllers.BallroomsController.GetImage(System.String)">
            <summary>
            Gets a ballroom image by filename
            </summary>
            <param name="filename">The filename of the image to retrieve</param>
            <returns>The image file</returns>
        </member>
        <member name="M:BallroomManager.Api.Controllers.BallroomsController.CreateBallroom(BallroomManager.Api.Models.Ballroom,Microsoft.AspNetCore.Http.IFormFile)">
            <summary>
            Creates a new ballroom
            </summary>
            <param name="ballroom">The ballroom to create</param>
            <param name="image">Optional image file for the ballroom</param>
            <returns>The created ballroom</returns>
        </member>
        <member name="M:BallroomManager.Api.Controllers.BallroomsController.UpdateBallroom(System.Int32,BallroomManager.Api.Models.Ballroom,Microsoft.AspNetCore.Http.IFormFile)">
            <summary>
            Updates an existing ballroom
            </summary>
            <param name="id">The ID of the ballroom to update</param>
            <param name="ballroom">The updated ballroom data</param>
            <param name="image">Optional new image file for the ballroom</param>
            <returns>No content if successful</returns>
        </member>
        <member name="M:BallroomManager.Api.Controllers.BallroomsController.DeleteBallroom(System.Int32)">
            <summary>
            Deletes a specific ballroom
            </summary>
            <param name="id">The ID of the ballroom to delete</param>
            <returns>No content if successful</returns>
        </member>
        <member name="T:BallroomManager.Api.Migrations.InitialCreate">
            <inheritdoc />
        </member>
        <member name="M:BallroomManager.Api.Migrations.InitialCreate.Up(Microsoft.EntityFrameworkCore.Migrations.MigrationBuilder)">
            <inheritdoc />
        </member>
        <member name="M:BallroomManager.Api.Migrations.InitialCreate.Down(Microsoft.EntityFrameworkCore.Migrations.MigrationBuilder)">
            <inheritdoc />
        </member>
        <member name="M:BallroomManager.Api.Migrations.InitialCreate.BuildTargetModel(Microsoft.EntityFrameworkCore.ModelBuilder)">
            <inheritdoc />
        </member>
    </members>
</doc>
