{
  "routes": [
    {
      "route": "/*",
      "serve": "/index.html",
      "statusCode": 200
    }
  ],
  "navigationFallback": {
    "rewrite": "/index.html",
    "exclude": ["/images/*", "/*.css", "/*.js", "/*.json", "/*.ico", "/*.png"]
  },
  "globalHeaders": {
    "content-security-policy": "default-src 'self' 'unsafe-inline' 'unsafe-eval' https: data:; worker-src 'self' blob:",
    "Access-Control-Allow-Origin": "*"
  },
  "mimeTypes": {
    ".json": "application/json",
    ".js": "application/javascript"
  }
} 